"","variable","info_value"
"1","icd_R05",0.651102999615442
"2","approx_age",0.447214836266533
"3","icd_Z3A",0.180999695664112
"4","icd_B34",0.145984543963282
"5","observation_combined_SHX.Tobacco.use.Current",0.137217900224151
"6","icd_O99",0.125705662426108
"7","icd_O09",0.124509152547319
"8","icd_R50",0.123463714258945
"9","RACE_SOURCE_VALUE",0.101461478409111
"10","icd_R45",0.0869218560185302
"11","icd_B97",0.0772407412203505
"12","icd_F19",0.0752924489711592
"13","icd_J06",0.0665875663982026
"14","icd_R51",0.0582358935600025
"15","icd_J12",0.0531259086604709
"16","icd_J20",0.0531259086604709
"17","icd_F10",0.0526589446893169
"18","icd_R68",0.0473253429842531
"19","icd_I50",0.0470374448787605
"20","icd_R63",0.044037687205707
"21","icd_I25",0.0424140304510542
"22","icd_F43",0.0412181162161181
"23","icd_F17",0.0408142220830127
"24","icd_J02",0.0405911125774306
"25","icd_N18",0.0389823696935026
"26","icd_O34",0.0384404983048074
"27","observation_combined_Z68.Body.mass.index..BMI..29.0.29.9..adult",0.0361892356352035
"28","icd_J11",0.0345100645614598
"29","icd_F31",0.0344172253387485
"30","icd_R60",0.0339750537235613
"31","observation_combined_Z68.Body.mass.index..BMI..36.0.36.9..adult",0.0328823084614422
"32","icd_R09",0.0314690652401163
"33","observation_combined_SHX.Tobacco.use.Never.smoker",0.0313504349407071
"34","icd_F32",0.0308615504522633
"35","icd_Z94",0.0303720175621068
"36","icd_N20",0.0296637428120854
"37","observation_combined_Z68.Body.mass.index..BMI..22.0.22.9..adult",0.0255194476455855
"38","observation_combined_SHX.Alcohol.use.Former",0.0248857370934978
"39","icd_F29",0.0245111997921034
"40","icd_F41",0.0239884682679844
"41","icd_R06",0.0239485695949296
"42","icd_R59",0.0235145973616738
"43","icd_O26",0.0229528445615335
"44","ETHNICITY_SOURCE_VALUE",0.0227348459688481
"45","icd_L30",0.0223975191309452
"46","icd_F11",0.0209316700592402
"47","icd_G40",0.0209316700592402
"48","icd_I21",0.020597525750996
"49","icd_F12",0.0199760493744307
"50","icd_I73",0.0199760493744307
"51","icd_M47",0.0199760493744307
"52","icd_K76",0.0198042044084929
"53","icd_I63",0.0196504417800766
"54","icd_B18",0.0193171502194797
"55","observation_combined_Z68.Body.mass.index..BMI..33.0.33.9..adult",0.019040861541981
"56","icd_F20",0.019033580398753
"57","observation_combined_Z68.Body.mass.index..BMI..45.0.49.9..adult",0.0189224499310449
"58","observation_combined_SHX.Alcohol.use.Current",0.0188846478459638
"59","observation_combined_Z68.Body.mass.index..BMI..20.0.20.9..adult",0.0187165492476678
"60","icd_E87",0.0186254972840299
"61","icd_R79",0.0182874024446588
"62","icd_C15",0.0182487782672208
"63","icd_J01",0.0182487782672208
"64","icd_R19",0.0176092685570185
"65","icd_R94",0.0171895507009528
"66","icd_I48",0.0162703224964359
"67","observation_combined_Z68.Body.mass.index..BMI..38.0.38.9..adult",0.0162687691612831
"68","icd_D72",0.0160882700410836
"69","icd_R16",0.0157933700751659
"70","observation_combined_SHX.Tobacco.use.Unknown.if.ever.smoked",0.0154142577371744
"71","icd_R23",0.0148952353141473
"72","icd_J45",0.0146412544735228
"73","icd_I34",0.0145317909197975
"74","icd_R20",0.0143139808694574
"75","icd_Z98",0.0142583084243986
"76","icd_J90",0.0137497085012984
"77","observation_combined_Z68.Body.mass.index..BMI..60.0.69.9..adult",0.0136538666569491
"78","icd_O36",0.0134118999121083
"79","icd_J81",0.0130471024764516
"80","icd_O24",0.0125816962199479
"81","icd_K59",0.0125008854171126
"82","icd_R10",0.0123176688288257
"83","icd_Z74",0.0121164106739625
"84","icd_I42",0.0120149757747161
"85","icd_R29",0.0120149757747161
"86","icd_R41",0.0120094228924961
"87","icd_I13",0.011985148394305
"88","icd_O47",0.0117682430624728
"89","icd_C14",0.0115195947424578
"90","icd_C65",0.0115195947424578
"91","icd_C82",0.0115195947424578
"92","icd_E01",0.0115195947424578
"93","icd_F84",0.0115195947424578
"94","icd_J22",0.0115195947424578
"95","icd_K11",0.0115195947424578
"96","icd_R43",0.0115195947424578
"97","icd_R92",0.0115195947424578
"98","icd_T07",0.0115195947424578
"99","icd_C04",0.0114590112383297
"100","icd_C23",0.0114590112383297
"101","icd_D17",0.0114590112383297
"102","icd_D56",0.0114590112383297
"103","icd_L60",0.0114590112383297
"104","icd_M05",0.0114590112383297
"105","icd_M24",0.0114590112383297
"106","icd_N62",0.0114590112383297
"107","icd_O92",0.0114590112383297
"108","icd_V86",0.0114590112383297
"109","observation_combined_Z68.Body.mass.index..BMI..50.59.9..adult",0.0114590112383297
"110","icd_A18",0.0112007857184389
"111","icd_A31",0.0112007857184389
"112","icd_A51",0.0112007857184389
"113","icd_A69",0.0112007857184389
"114","icd_B16",0.0112007857184389
"115","icd_B17",0.0112007857184389
"116","icd_B27",0.0112007857184389
"117","icd_B30",0.0112007857184389
"118","icd_B36",0.0112007857184389
"119","icd_B39",0.0112007857184389
"120","icd_B47",0.0112007857184389
"121","icd_B49",0.0112007857184389
"122","icd_B59",0.0112007857184389
"123","icd_B85",0.0112007857184389
"124","icd_C03",0.0112007857184389
"125","icd_C05",0.0112007857184389
"126","icd_C07",0.0112007857184389
"127","icd_C11",0.0112007857184389
"128","icd_C13",0.0112007857184389
"129","icd_C21",0.0112007857184389
"130","icd_C31",0.0112007857184389
"131","icd_C33",0.0112007857184389
"132","icd_C37",0.0112007857184389
"133","icd_C38",0.0112007857184389
"134","icd_C47",0.0112007857184389
"135","icd_C48",0.0112007857184389
"136","icd_C51",0.0112007857184389
"137","icd_C60",0.0112007857184389
"138","icd_C86",0.0112007857184389
"139","icd_C88",0.0112007857184389
"140","icd_C94",0.0112007857184389
"141","icd_D05",0.0112007857184389
"142","icd_D09",0.0112007857184389
"143","icd_D14",0.0112007857184389
"144","icd_D15",0.0112007857184389
"145","icd_D24",0.0112007857184389
"146","icd_D26",0.0112007857184389
"147","icd_D42",0.0112007857184389
"148","icd_D51",0.0112007857184389
"149","icd_D58",0.0112007857184389
"150","icd_D67",0.0112007857184389
"151","icd_D80",0.0112007857184389
"152","icd_E24",0.0112007857184389
"153","icd_E29",0.0112007857184389
"154","icd_E31",0.0112007857184389
"155","icd_E32",0.0112007857184389
"156","icd_E77",0.0112007857184389
"157","icd_E79",0.0112007857184389
"158","icd_F21",0.0112007857184389
"159","icd_F50",0.0112007857184389
"160","icd_F68",0.0112007857184389
"161","icd_F70",0.0112007857184389
"162","icd_F80",0.0112007857184389
"163","icd_G04",0.0112007857184389
"164","icd_G14",0.0112007857184389
"165","icd_G24",0.0112007857184389
"166","icd_G71",0.0112007857184389
"167","icd_H02",0.0112007857184389
"168","icd_H04",0.0112007857184389
"169","icd_H10",0.0112007857184389
"170","icd_H11",0.0112007857184389
"171","icd_H16",0.0112007857184389
"172","icd_H43",0.0112007857184389
"173","icd_H47",0.0112007857184389
"174","icd_H74",0.0112007857184389
"175","icd_I24",0.0112007857184389
"176","icd_I30",0.0112007857184389
"177","icd_I33",0.0112007857184389
"178","icd_I40",0.0112007857184389
"179","icd_J13",0.0112007857184389
"180","icd_J16",0.0112007857184389
"181","icd_J21",0.0112007857184389
"182","icd_J36",0.0112007857184389
"183","icd_J42",0.0112007857184389
"184","icd_J70",0.0112007857184389
"185","icd_J85",0.0112007857184389
"186","icd_K05",0.0112007857184389
"187","icd_K14",0.0112007857184389
"188","icd_K41",0.0112007857184389
"189","icd_K60",0.0112007857184389
"190","icd_L04",0.0112007857184389
"191","icd_L50",0.0112007857184389
"192","icd_L65",0.0112007857184389
"193","icd_L82",0.0112007857184389
"194","icd_L93",0.0112007857184389
"195","icd_L94",0.0112007857184389
"196","icd_M13",0.0112007857184389
"197","icd_M14",0.0112007857184389
"198","icd_M23",0.0112007857184389
"199","icd_M27",0.0112007857184389
"200","icd_M33",0.0112007857184389
"201","icd_M45",0.0112007857184389
"202","icd_M60",0.0112007857184389
"203","icd_M65",0.0112007857184389
"204","icd_M66",0.0112007857184389
"205","icd_M67",0.0112007857184389
"206","icd_N04",0.0112007857184389
"207","icd_N08",0.0112007857184389
"208","icd_N19",0.0112007857184389
"209","icd_N21",0.0112007857184389
"210","icd_N23",0.0112007857184389
"211","icd_N44",0.0112007857184389
"212","icd_N60",0.0112007857184389
"213","icd_N72",0.0112007857184389
"214","icd_N81",0.0112007857184389
"215","icd_N88",0.0112007857184389
"216","icd_N96",0.0112007857184389
"217","icd_O12",0.0112007857184389
"218","icd_O42",0.0112007857184389
"219","icd_O43",0.0112007857184389
"220","icd_O66",0.0112007857184389
"221","icd_O70",0.0112007857184389
"222","icd_O72",0.0112007857184389
"223","icd_O77",0.0112007857184389
"224","icd_O82",0.0112007857184389
"225","icd_O86",0.0112007857184389
"226","icd_P02",0.0112007857184389
"227","icd_P03",0.0112007857184389
"228","icd_P83",0.0112007857184389
"229","icd_Q01",0.0112007857184389
"230","icd_Q04",0.0112007857184389
"231","icd_Q25",0.0112007857184389
"232","icd_Q26",0.0112007857184389
"233","icd_Q33",0.0112007857184389
"234","icd_Q39",0.0112007857184389
"235","icd_Q51",0.0112007857184389
"236","icd_Q60",0.0112007857184389
"237","icd_Q67",0.0112007857184389
"238","icd_Q68",0.0112007857184389
"239","icd_Q78",0.0112007857184389
"240","icd_Q79",0.0112007857184389
"241","icd_Q80",0.0112007857184389
"242","icd_Q96",0.0112007857184389
"243","icd_R03",0.0112007857184389
"244","icd_R58",0.0112007857184389
"245","icd_R61",0.0112007857184389
"246","icd_R69",0.0112007857184389
"247","icd_R88",0.0112007857184389
"248","icd_S04",0.0112007857184389
"249","icd_S11",0.0112007857184389
"250","icd_S19",0.0112007857184389
"251","icd_S20",0.0112007857184389
"252","icd_S26",0.0112007857184389
"253","icd_S34",0.0112007857184389
"254","icd_S43",0.0112007857184389
"255","icd_S46",0.0112007857184389
"256","icd_S53",0.0112007857184389
"257","icd_S54",0.0112007857184389
"258","icd_S55",0.0112007857184389
"259","icd_S56",0.0112007857184389
"260","icd_S57",0.0112007857184389
"261","icd_S58",0.0112007857184389
"262","icd_S63",0.0112007857184389
"263","icd_S65",0.0112007857184389
"264","icd_S73",0.0112007857184389
"265","icd_S76",0.0112007857184389
"266","icd_S86",0.0112007857184389
"267","icd_S87",0.0112007857184389
"268","icd_S98",0.0112007857184389
"269","icd_T20",0.0112007857184389
"270","icd_T21",0.0112007857184389
"271","icd_T22",0.0112007857184389
"272","icd_T26",0.0112007857184389
"273","icd_T27",0.0112007857184389
"274","icd_T36",0.0112007857184389
"275","icd_T37",0.0112007857184389
"276","icd_T44",0.0112007857184389
"277","icd_T51",0.0112007857184389
"278","icd_T65",0.0112007857184389
"279","icd_T66",0.0112007857184389
"280","icd_T76",0.0112007857184389
"281","icd_T87",0.0112007857184389
"282","icd_V23",0.0112007857184389
"283","icd_X83",0.0112007857184389
"284","icd_Z18",0.0112007857184389
"285","icd_Z78",0.0112007857184389
"286","icd_Z88",0.0112007857184389
"287","icd_I10",0.0109920158760838
"288","icd_N28",0.0109746591207036
"289","icd_G62",0.0109721236619863
"290","icd_E86",0.0108976857674014
"291","icd_E43",0.0107010927662797
"292","icd_C92",0.0104225533648555
"293","icd_E05",0.0102469618589326
"294","icd_R30",0.0102469618589326
"295","icd_E03",0.0100094307838346
"296","icd_G93",0.0099576946661181
"297","observation_combined_Z68.Body.mass.index..BMI..26.0.26.9..adult",0.00991078985228729
"298","icd_I11",0.0095369123290169
"299","observation_combined_Z68.Body.mass.index..BMI..24.0.24.9..adult",0.0094902110425135
"300","icd_R52",0.00945383822654325
"301","icd_E10",0.00943443040428779
"302","icd_F14",0.00943443040428779
"303","icd_I65",0.00943443040428779
"304","icd_L03",0.00943443040428779
"305","icd_C90",0.0089044140283557
"306","icd_R56",0.0089044140283557
"307","observation_combined_Z68.Body.mass.index..BMI..25.0.25.9..adult",0.00879706543179865
"308","icd_D57",0.00869424829256961
"309","icd_J44",0.00867687976165993
"310","observation_combined_Z68.Body.mass.index..BMI..70.or.greater..adult",0.00832204082285883
"311","icd_I95",0.00829867034200175
"312","icd_O23",0.00817502990580723
"313","icd_C50",0.00797419431583773
"314","icd_I67",0.00746652985745051
"315","icd_K80",0.00746652985745051
"316","icd_A48",0.00742950596072383
"317","icd_D21",0.00742950596072383
"318","icd_G70",0.00742950596072383
"319","icd_I37",0.00742950596072383
"320","icd_I80",0.00742950596072383
"321","icd_K01",0.00742950596072383
"322","icd_S68",0.00742950596072383
"323","icd_S70",0.00742950596072383
"324","icd_A40",0.00723140944844054
"325","icd_A54",0.00723140944844054
"326","icd_B15",0.00723140944844054
"327","icd_B44",0.00723140944844054
"328","icd_C09",0.00723140944844054
"329","icd_C10",0.00723140944844054
"330","icd_C26",0.00723140944844054
"331","icd_C7B",0.00723140944844054
"332","icd_C84",0.00723140944844054
"333","icd_C95",0.00723140944844054
"334","icd_D00",0.00723140944844054
"335","icd_D06",0.00723140944844054
"336","icd_D13",0.00723140944844054
"337","icd_D33",0.00723140944844054
"338","icd_D44",0.00723140944844054
"339","icd_D65",0.00723140944844054
"340","icd_D66",0.00723140944844054
"341","icd_D76",0.00723140944844054
"342","icd_D84",0.00723140944844054
"343","icd_E09",0.00723140944844054
"344","icd_E22",0.00723140944844054
"345","icd_E26",0.00723140944844054
"346","icd_E34",0.00723140944844054
"347","icd_E56",0.00723140944844054
"348","icd_E84",0.00723140944844054
"349","icd_E85",0.00723140944844054
"350","icd_F09",0.00723140944844054
"351","icd_F40",0.00723140944844054
"352","icd_F53",0.00723140944844054
"353","icd_F95",0.00723140944844054
"354","icd_G06",0.00723140944844054
"355","icd_G12",0.00723140944844054
"356","icd_G23",0.00723140944844054
"357","icd_G36",0.00723140944844054
"358","icd_G44",0.00723140944844054
"359","icd_G50",0.00723140944844054
"360","icd_G57",0.00723140944844054
"361","icd_H05",0.00723140944844054
"362","icd_H20",0.00723140944844054
"363","icd_H55",0.00723140944844054
"364","icd_H57",0.00723140944844054
"365","icd_H81",0.00723140944844054
"366","icd_I43",0.00723140944844054
"367","icd_I86",0.00723140944844054
"368","icd_I97",0.00723140944844054
"369","icd_J33",0.00723140944844054
"370","icd_J35",0.00723140944844054
"371","icd_K26",0.00723140944844054
"372","icd_K28",0.00723140944844054
"373","icd_K30",0.00723140944844054
"374","icd_K37",0.00723140944844054
"375","icd_K68",0.00723140944844054
"376","icd_L57",0.00723140944844054
"377","icd_L80",0.00723140944844054
"378","icd_L90",0.00723140944844054
"379","icd_M08",0.00723140944844054
"380","icd_M11",0.00723140944844054
"381","icd_M18",0.00723140944844054
"382","icd_M77",0.00723140944844054
"383","icd_N14",0.00723140944844054
"384","icd_N26",0.00723140944844054
"385","icd_N35",0.00723140944844054
"386","icd_N36",0.00723140944844054
"387","icd_N43",0.00723140944844054
"388","icd_N48",0.00723140944844054
"389","icd_N70",0.00723140944844054
"390","icd_N71",0.00723140944844054
"391","icd_N76",0.00723140944844054
"392","icd_N80",0.00723140944844054
"393","icd_N85",0.00723140944844054
"394","icd_N90",0.00723140944844054
"395","icd_N95",0.00723140944844054
"396","icd_N99",0.00723140944844054
"397","icd_O44",0.00723140944844054
"398","icd_O69",0.00723140944844054
"399","icd_Q22",0.00723140944844054
"400","icd_Q28",0.00723140944844054
"401","icd_Q44",0.00723140944844054
"402","icd_Q85",0.00723140944844054
"403","icd_Q87",0.00723140944844054
"404","icd_R48",0.00723140944844054
"405","icd_R54",0.00723140944844054
"406","icd_R64",0.00723140944844054
"407","icd_R70",0.00723140944844054
"408","icd_R71",0.00723140944844054
"409","icd_R81",0.00723140944844054
"410","icd_S13",0.00723140944844054
"411","icd_S35",0.00723140944844054
"412","icd_S37",0.00723140944844054
"413","icd_S59",0.00723140944844054
"414","icd_S66",0.00723140944844054
"415","icd_S67",0.00723140944844054
"416","icd_S79",0.00723140944844054
"417","icd_T18",0.00723140944844054
"418","icd_T23",0.00723140944844054
"419","icd_T25",0.00723140944844054
"420","icd_T39",0.00723140944844054
"421","icd_T43",0.00723140944844054
"422","icd_F25",0.00677982055175551
"423","observation_combined_SHX.Alcohol.use.None",0.00662518788864307
"424","icd_R33",0.00659790777554021
"425","icd_J96",0.00641879133664214
"426","icd_Z99",0.00597847283595287
"427","icd_R55",0.00594358087977379
"428","icd_D53",0.00589914603123553
"429","icd_D89",0.00570305509308346
"430","icd_Z95",0.00570305509308346
"431","icd_O10",0.00565642251063589
"432","observation_combined_Z68.Body.mass.index..BMI..37.0.37.9..adult",0.00562241037065893
"433","icd_Z90",0.00561984291076391
"434","icd_C85",0.00558767096834259
"435","icd_F23",0.00547580976003633
"436","icd_K92",0.00547580976003633
"437","icd_R82",0.00547580976003633
"438","icd_T81",0.00547580976003633
"439","observation_combined_SHX.Tobacco.use.Former.smoker",0.00536075308045396
"440","icd_M19",0.0053265882858692
"441","icd_B19",0.00531321322421539
"442","icd_D64",0.00527653952987996
"443","icd_N13",0.00517041210617017
"444","icd_A59",0.00510897089708394
"445","icd_C81",0.00510897089708394
"446","icd_G35",0.00510897089708394
"447","icd_G37",0.00510897089708394
"448","icd_J10",0.00510897089708394
"449","icd_J40",0.00510897089708394
"450","icd_K35",0.00510897089708394
"451","icd_K61",0.00510897089708394
"452","icd_M41",0.00510897089708394
"453","icd_N63",0.00510897089708394
"454","icd_R01",0.00510897089708394
"455","icd_R17",0.00510897089708394
"456","icd_S05",0.00510897089708394
"457","icd_T42",0.00510897089708394
"458","icd_I12",0.00496068428542597
"459","observation_combined_Z68.Body.mass.index..BMI..34.0.34.9..adult",0.00496068428542597
"460","icd_A74",0.00494887288842919
"461","icd_C01",0.00494887288842919
"462","icd_C52",0.00494887288842919
"463","icd_C68",0.00494887288842919
"464","icd_D32",0.00494887288842919
"465","icd_D35",0.00494887288842919
"466","icd_D73",0.00494887288842919
"467","icd_E28",0.00494887288842919
"468","icd_F42",0.00494887288842919
"469","icd_F51",0.00494887288842919
"470","icd_F71",0.00494887288842919
"471","icd_F91",0.00494887288842919
"472","icd_G51",0.00494887288842919
"473","icd_G80",0.00494887288842919
"474","icd_H35",0.00494887288842919
"475","icd_I07",0.00494887288842919
"476","icd_J03",0.00494887288842919
"477","icd_J31",0.00494887288842919
"478","icd_J86",0.00494887288842919
"479","icd_K04",0.00494887288842919
"480","icd_K27",0.00494887288842919
"481","icd_K46",0.00494887288842919
"482","icd_L27",0.00494887288842919
"483","icd_L70",0.00494887288842919
"484","icd_L81",0.00494887288842919
"485","icd_L84",0.00494887288842919
"486","icd_M00",0.00494887288842919
"487","icd_M12",0.00494887288842919
"488","icd_M31",0.00494887288842919
"489","icd_M34",0.00494887288842919
"490","icd_M72",0.00494887288842919
"491","icd_M75",0.00494887288842919
"492","icd_N94",0.00494887288842919
"493","icd_O11",0.00494887288842919
"494","icd_O22",0.00494887288842919
"495","icd_O71",0.00494887288842919
"496","icd_Q24",0.00494887288842919
"497","icd_Q27",0.00494887288842919
"498","icd_S21",0.00494887288842919
"499","icd_S36",0.00494887288842919
"500","icd_S69",0.00494887288842919
"501","icd_S83",0.00494887288842919
"502","icd_S88",0.00494887288842919
"503","icd_S93",0.00494887288842919
"504","icd_S99",0.00494887288842919
"505","icd_T31",0.00494887288842919
"506","icd_T68",0.00494887288842919
"507","icd_T80",0.00494887288842919
"508","icd_Z15",0.00494887288842919
"509","icd_F05",0.00486444644802856
"510","icd_J15",0.00486444644802856
"511","icd_K82",0.00486444644802856
"512","icd_K22",0.00484454295509896
"513","icd_D69",0.00473299090178003
"514","icd_J84",0.00470799239061203
"515","icd_M10",0.00458726904757008
"516","observation_combined_Z68.Body.mass.index..BMI..32.0.32.9..adult",0.00440838915245056
"517","observation_combined_Z68.Body.mass.index..BMI..28.0.28.9..adult",0.00433807476920389
"518","icd_K42",0.00427204832594067
"519","icd_A41",0.00426136886662201
"520","icd_R11",0.00425712921423285
"521","observation_combined_Z68.Body.mass.index..BMI..31.0.31.9..adult",0.00425712921423285
"522","icd_K86",0.00424945377936087
"523","icd_D68",0.00412922450931912
"524","icd_I49",0.00412922450931912
"525","icd_N31",0.00412922450931912
"526","icd_O98",0.00412922450931912
"527","icd_K21",0.00399003685403057
"528","icd_E89",0.00397788313307457
"529","icd_N40",0.00386969857972226
"530","icd_F15",0.00371109437187073
"531","icd_I26",0.00371109437187073
"532","icd_S82",0.00371109437187073
"533","icd_N39",0.00369895659017683
"534","icd_E83",0.00365259293128476
"535","icd_D62",0.00360709794759559
"536","icd_R93",0.00360679292763419
"537","icd_B37",0.00357835215218362
"538","icd_M81",0.00357835215218362
"539","icd_A60",0.00354434138586355
"540","icd_C16",0.00354434138586355
"541","icd_E08",0.00354434138586355
"542","icd_E21",0.00354434138586355
"543","icd_F45",0.00354434138586355
"544","icd_H53",0.00354434138586355
"545","icd_I66",0.00354434138586355
"546","icd_L25",0.00354434138586355
"547","icd_M15",0.00354434138586355
"548","icd_M26",0.00354434138586355
"549","icd_M96",0.00354434138586355
"550","icd_N10",0.00354434138586355
"551","icd_S24",0.00354434138586355
"552","icd_S51",0.00354434138586355
"553","icd_T17",0.00354434138586355
"554","icd_T83",0.00354434138586355
"555","icd_Y95",0.00354434138586355
"556","observation_combined_Z68.Body.mass.index..BMI..35.0.35.9..adult",0.00349240247017756
"557","icd_B02",0.00341318120037635
"558","icd_C19",0.00341318120037635
"559","icd_C41",0.00341318120037635
"560","icd_C43",0.00341318120037635
"561","icd_C55",0.00341318120037635
"562","icd_C73",0.00341318120037635
"563","icd_D18",0.00341318120037635
"564","icd_D59",0.00341318120037635
"565","icd_D83",0.00341318120037635
"566","icd_E13",0.00341318120037635
"567","icd_E61",0.00341318120037635
"568","icd_E72",0.00341318120037635
"569","icd_F39",0.00341318120037635
"570","icd_G54",0.00341318120037635
"571","icd_G90",0.00341318120037635
"572","icd_H61",0.00341318120037635
"573","icd_H66",0.00341318120037635
"574","icd_H92",0.00341318120037635
"575","icd_I38",0.00341318120037635
"576","icd_I46",0.00341318120037635
"577","icd_I81",0.00341318120037635
"578","icd_J92",0.00341318120037635
"579","icd_J93",0.00341318120037635
"580","icd_K13",0.00341318120037635
"581","icd_K20",0.00341318120037635
"582","icd_K90",0.00341318120037635
"583","icd_M20",0.00341318120037635
"584","icd_M71",0.00341318120037635
"585","icd_M87",0.00341318120037635
"586","icd_M97",0.00341318120037635
"587","icd_N05",0.00341318120037635
"588","icd_O60",0.00341318120037635
"589","icd_O9A",0.00341318120037635
"590","icd_Q05",0.00341318120037635
"591","icd_Q61",0.00341318120037635
"592","icd_Q99",0.00341318120037635
"593","icd_R34",0.00341318120037635
"594","icd_R89",0.00341318120037635
"595","icd_R97",0.00341318120037635
"596","icd_S15",0.00341318120037635
"597","icd_S90",0.00341318120037635
"598","icd_T24",0.00341318120037635
"599","icd_T30",0.00341318120037635
"600","icd_T78",0.00341318120037635
"601","observation_combined_Z68.Body.mass.index..BMI..40.0.44.9..adult",0.00338619379363923
"602","icd_R07",0.00325121984224897
"603","icd_I71",0.00317949097900527
"604","icd_L89",0.00317949097900527
"605","icd_G47",0.00312845555659782
"606","icd_E78",0.00310701540908188
"607","icd_C83",0.00302768298175019
"608","icd_R42",0.00302768298175019
"609","icd_R00",0.00302099412695016
"610","icd_C79",0.00300440336108584
"611","icd_I27",0.00300440336108584
"612","icd_I35",0.00300440336108584
"613","icd_I70",0.00300440336108584
"614","icd_E55",0.0028975381827573
"615","icd_R22",0.00267900939230139
"616","icd_R44",0.00267900939230139
"617","icd_T85",0.00267900939230139
"618","icd_J43",0.0026283622386211
"619","observation_combined_Z68.Body.mass.index..BMI..50.0.59.9..adult",0.0026283622386211
"620","icd_M25",0.00257295393862395
"621","icd_G43",0.00256688053874607
"622","icd_D86",0.00256602543951356
"623","icd_K52",0.00256602543951356
"624","icd_M32",0.00256602543951356
"625","icd_Z16",0.00256602543951356
"626","icd_R47",0.00254161709574708
"627","icd_B25",0.00242372514930963
"628","icd_D3A",0.00242372514930963
"629","icd_F98",0.00242372514930963
"630","icd_G61",0.00242372514930963
"631","icd_K02",0.00242372514930963
"632","icd_O03",0.00242372514930963
"633","icd_O32",0.00242372514930963
"634","icd_S40",0.00242372514930963
"635","icd_S41",0.00242372514930963
"636","icd_S50",0.00242372514930963
"637","icd_S52",0.00242372514930963
"638","icd_Z22",0.00242372514930963
"639","icd_A08",0.00231653804740531
"640","icd_B35",0.00231653804740531
"641","icd_C02",0.00231653804740531
"642","icd_C93",0.00231653804740531
"643","icd_D12",0.00231653804740531
"644","icd_D48",0.00231653804740531
"645","icd_E06",0.00231653804740531
"646","icd_E23",0.00231653804740531
"647","icd_F30",0.00231653804740531
"648","icd_F48",0.00231653804740531
"649","icd_G56",0.00231653804740531
"650","icd_I36",0.00231653804740531
"651","icd_J80",0.00231653804740531
"652","icd_J94",0.00231653804740531
"653","icd_K12",0.00231653804740531
"654","icd_K25",0.00231653804740531
"655","icd_K58",0.00231653804740531
"656","icd_M53",0.00231653804740531
"657","icd_N25",0.00231653804740531
"658","icd_N64",0.00231653804740531
"659","icd_O16",0.00231653804740531
"660","icd_O41",0.00231653804740531
"661","icd_O80",0.00231653804740531
"662","icd_Q21",0.00231653804740531
"663","icd_Q23",0.00231653804740531
"664","icd_R12",0.00231653804740531
"665","icd_R26",0.00231653804740531
"666","icd_S27",0.00231653804740531
"667","icd_S39",0.00231653804740531
"668","icd_S60",0.00231653804740531
"669","icd_S71",0.00231653804740531
"670","icd_S89",0.00231653804740531
"671","icd_T38",0.00231653804740531
"672","icd_T45",0.00231653804740531
"673","icd_T79",0.00231653804740531
"674","observation_combined_SHX.Tobacco.use.Smoker..current.status.unknown",0.00231653804740531
"675","icd_T82",0.00227302907379312
"676","icd_L97",0.00221163521992314
"677","icd_O35",0.00221163521992314
"678","icd_C53",0.00211006721402934
"679","icd_G25",0.00211006721402934
"680","icd_S02",0.00201022723679933
"681","icd_I69",0.00196204391655598
"682","icd_Z89",0.00193921661359185
"683","icd_R53",0.00189800808181855
"684","icd_C91",0.00177960781585828
"685","icd_K40",0.00177960781585828
"686","icd_S00",0.0016887932003619
"687","icd_D75",0.00160262077236818
"688","icd_F06",0.00160262077236818
"689","icd_I85",0.00160262077236818
"690","icd_N12",0.00160262077236818
"691","icd_N93",0.00160262077236818
"692","icd_O48",0.00160262077236818
"693","icd_M54",0.00153945360292466
"694","icd_G31",0.0015391630652346
"695","icd_C76",0.00151626645576088
"696","icd_E07",0.00151626645576088
"697","icd_E44",0.00151626645576088
"698","icd_F63",0.00151626645576088
"699","icd_H60",0.00151626645576088
"700","icd_I05",0.00151626645576088
"701","icd_I45",0.00151626645576088
"702","icd_I62",0.00151626645576088
"703","icd_I74",0.00151626645576088
"704","icd_I89",0.00151626645576088
"705","icd_I99",0.00151626645576088
"706","icd_K08",0.00151626645576088
"707","icd_K91",0.00151626645576088
"708","icd_L73",0.00151626645576088
"709","icd_M70",0.00151626645576088
"710","icd_N50",0.00151626645576088
"711","icd_N73",0.00151626645576088
"712","icd_N82",0.00151626645576088
"713","icd_N89",0.00151626645576088
"714","icd_R15",0.00151626645576088
"715","icd_S14",0.00151626645576088
"716","icd_S31",0.00151626645576088
"717","icd_Y84",0.00151626645576088
"718","icd_Z72",0.00151626645576088
"719","icd_N17",0.00150988166113463
"720","icd_R39",0.00138546956671958
"721","icd_C61",0.00138546956671958
"722","icd_D70",0.00138546956671958
"723","icd_F60",0.00138546956671958
"724","icd_I16",0.00138546956671958
"725","icd_K75",0.00138546956671958
"726","icd_L02",0.00138546956671958
"727","icd_M86",0.00138546956671958
"728","icd_K50",0.00130562171594601
"729","icd_R14",0.00130562171594601
"730","icd_G89",0.00119384064290851
"731","observation_combined_SHX.Alcohol.use.Unknown",0.00114392818111009
"732","observation_combined_Z68.Body.mass.index..BMI..19.9.or.less..adult",0.00111127791141419
"733","icd_B96",0.00108832686507797
"734","icd_D63",0.00107399469641428
"735","icd_G91",0.0010321283111097
"736","icd_I72",0.0010321283111097
"737","icd_S06",0.0010321283111097
"738","icd_C24",0.00100103367048544
"739","icd_C67",0.00100103367048544
"740","icd_C80",0.00100103367048544
"741","icd_H90",0.00100103367048544
"742","icd_J32",0.00100103367048544
"743","icd_S61",0.00100103367048544
"744","icd_Z21",0.00100103367048544
"745","icd_C64",0.000963485005696368
"746","icd_G20",0.000963485005696368
"747","icd_R04",0.000963485005696368
"748","icd_E04",0.000933345053445461
"749","icd_E16",0.000933345053445461
"750","icd_F13",0.000933345053445461
"751","icd_F69",0.000933345053445461
"752","icd_F79",0.000933345053445461
"753","icd_G30",0.000933345053445461
"754","icd_G96",0.000933345053445461
"755","icd_I20",0.000933345053445461
"756","icd_I60",0.000933345053445461
"757","icd_I96",0.000933345053445461
"758","icd_K51",0.000933345053445461
"759","icd_K94",0.000933345053445461
"760","icd_L76",0.000933345053445461
"761","icd_M1A",0.000933345053445461
"762","icd_M46",0.000933345053445461
"763","icd_S12",0.000933345053445461
"764","icd_S81",0.000933345053445461
"765","icd_S92",0.000933345053445461
"766","icd_T40",0.000933345053445461
"767","icd_T46",0.000933345053445461
"768","icd_C78",0.000891943962335344
"769","icd_E46",0.00081711824849413
"770","observation_combined_Z68.Body.mass.index..BMI..23.0.23.9..adult",0.000731720594776214
"771","icd_B95",0.000722937439684918
"772","icd_I87",0.000722937439684918
"773","icd_M85",0.000722937439684918
"774","icd_O76",0.000722937439684918
"775","icd_R78",0.000722937439684918
"776","icd_J30",0.000665765309094083
"777","icd_R18",0.000583336828831301
"778","icd_A04",0.000569493509621905
"779","icd_C06",0.000569493509621905
"780","icd_E51",0.000569493509621905
"781","icd_F34",0.000569493509621905
"782","icd_M40",0.000569493509621905
"783","icd_M84",0.000569493509621905
"784","icd_N92",0.000569493509621905
"785","icd_O14",0.000569493509621905
"786","icd_C22",0.000552499720106117
"787","icd_I44",0.000552499720106117
"788","icd_K83",0.000552499720106117
"789","icd_T84",0.000552499720106117
"790","icd_K57",0.000526592638098805
"791","icd_A49",0.000518884427592442
"792","icd_F44",0.000518884427592442
"793","icd_G45",0.000518884427592442
"794","icd_K29",0.000518884427592442
"795","icd_K55",0.000518884427592442
"796","icd_K81",0.000518884427592442
"797","icd_N52",0.000518884427592442
"798","icd_R27",0.000518884427592442
"799","icd_R49",0.000518884427592442
"800","icd_R87",0.000518884427592442
"801","icd_S09",0.000518884427592442
"802","icd_T50",0.000518884427592442
"803","icd_R65",0.000507499416535077
"804","icd_F22",0.000461800206180337
"805","icd_G81",0.000461800206180337
"806","icd_G82",0.000461800206180337
"807","icd_K63",0.000461800206180337
"808","icd_K74",0.00045065353613387
"809","icd_K44",0.000433094671094566
"810","icd_T86",0.000433094671094566
"811","icd_C56",0.000416400319441051
"812","icd_K85",0.000416400319441051
"813","icd_R62",0.000416400319441051
"814","icd_E11",0.000401754880406921
"815","observation_combined_Z68.Body.mass.index..BMI..21.0.21.9..adult",0.000382418509534333
"816","icd_I82",0.00036775490976811
"817","icd_K43",0.000344767199602069
"818","icd_R74",0.000344767199602069
"819","icd_R91",0.000330862611131854
"820","icd_M79",0.000323784869401915
"821","icd_C34",0.000288387402013219
"822","icd_D61",0.000288387402013219
"823","icd_Z93",0.000288387402013219
"824","icd_E66",0.000288011228610029
"825","icd_B20",0.000285421279080642
"826","icd_C20",0.00027498777209105
"827","icd_D46",0.00027498777209105
"828","icd_F02",0.00027498777209105
"829","icd_I61",0.00027498777209105
"830","icd_O02",0.00027498777209105
"831","icd_S30",0.00027498777209105
"832","observation_combined_SHX.Alcohol.use.Within.the.past.year",0.000272258631367225
"833","icd_C18",0.000253307826573897
"834","icd_D49",0.000253307826573897
"835","icd_E27",0.000253307826573897
"836","icd_R80",0.000253307826573897
"837","icd_R73",0.000249180995858718
"838","icd_C54",0.000240246766587846
"839","icd_C71",0.000240246766587846
"840","icd_F01",0.000240246766587846
"841","icd_G72",0.000240246766587846
"842","icd_J39",0.000240246766587846
"843","icd_J91",0.000240246766587846
"844","icd_L40",0.000240246766587846
"845","icd_M89",0.000240246766587846
"846","icd_R46",0.000240246766587846
"847","icd_S91",0.000240246766587846
"848","icd_E88",0.000220022828006341
"849","icd_J34",0.000220022828006341
"850","icd_K56",0.000220022828006341
"851","icd_K70",0.000220022828006341
"852","icd_E53",0.000189361437612733
"853","icd_M17",0.000189361437612733
"854","icd_M51",0.000189361437612733
"855","icd_R31",0.000189361437612733
"856","icd_J98",0.000163141779034003
"857","icd_D50",0.00015115191427
"858","icd_H40",0.000102925750927311
"859","icd_J95",0.000102925750927311
"860","icd_R21",0.000102925750927311
"861","icd_S42",0.000102925750927311
"862","icd_Z67",0.000102925750927311
"863","icd_K64",9.42254396843871e-05
"864","icd_K66",9.42254396843871e-05
"865","icd_L08",9.42254396843871e-05
"866","icd_M35",9.42254396843871e-05
"867","icd_M43",9.42254396843871e-05
"868","icd_M62",9.42254396843871e-05
"869","icd_N83",9.42254396843871e-05
"870","icd_R90",9.42254396843871e-05
"871","icd_S01",9.42254396843871e-05
"872","icd_S80",9.42254396843871e-05
"873","icd_R13",8.57304964959403e-05
"874","observation_combined_Z68.Body.mass.index..BMI..39.0.39.9..adult",8.56184007392696e-05
"875","icd_G95",8.21491144064029e-05
"876","icd_I08",8.21491144064029e-05
"877","icd_M48",7.87413627549138e-05
"878","icd_K31",7.47589236091783e-05
"879","icd_B00",7.43968989034235e-05
"880","icd_C32",7.43968989034235e-05
"881","icd_C49",7.43968989034235e-05
"882","icd_C77",7.43968989034235e-05
"883","icd_D25",7.43968989034235e-05
"884","icd_F99",7.43968989034235e-05
"885","icd_J69",7.43968989034235e-05
"886","icd_L29",7.43968989034235e-05
"887","icd_O13",7.43968989034235e-05
"888","icd_R32",7.43968989034235e-05
"889","icd_R35",7.43968989034235e-05
"890","icd_S62",7.43968989034235e-05
"891","GENDER_SOURCE_VALUE",4.80154944019492e-05
"892","observation_combined_Z68.Body.mass.index..BMI..30.0.30.9..adult",3.57085853676451e-05
"893","icd_F33",3.04880185822104e-05
"894","PERSON_ID",2.97318344991925e-05
"895","icd_F03",2.02223738570587e-05
"896","icd_K72",2.02223738570587e-05
"897","icd_T14",2.02223738570587e-05
"898","observation_combined_Z68.Body.mass.index..BMI..27.0.27.9..adult",1.73782305349286e-05
"899","icd_C25",1.72503040365376e-05
"900","icd_D47",1.72503040365376e-05
"901","icd_H54",1.72503040365376e-05
"902","icd_I31",1.72503040365376e-05
"903","icd_K62",1.72503040365376e-05
"904","icd_M21",1.72503040365376e-05
"905","icd_O21",1.72503040365376e-05
"906","icd_O30",1.72503040365376e-05
"907","icd_O40",1.72503040365376e-05
"908","icd_R57",1.72503040365376e-05
"909","icd_S32",1.72503040365376e-05
"910","icd_S72",1.72503040365376e-05
"911","icd_I51",1.0206867904711e-05
"912","icd_E80",1.0060220127968e-05
"913","icd_J47",1.0060220127968e-05
"914","icd_K65",1.0060220127968e-05
"915","icd_M06",1.0060220127968e-05
"916","icd_M16",1.0060220127968e-05
"917","icd_M50",1.0060220127968e-05
"918","icd_N30",1.0060220127968e-05
"919","icd_O90",1.0060220127968e-05
"920","icd_R25",1.0060220127968e-05
"921","icd_C7A",9.43855550287094e-06
"922","icd_I77",9.43855550287094e-06
"923","icd_L98",9.43855550287094e-06
"924","icd_S22",9.43855550287094e-06
"925","icd_Z37",9.43855550287094e-06
"926","icd_C44",4.37101729295985e-06
"927","icd_F90",4.37101729295985e-06
"928","icd_G92",4.37101729295985e-06
"929","icd_H91",4.37101729295985e-06
"930","icd_J38",4.37101729295985e-06
"931","icd_N32",4.37101729295985e-06
"932","icd_O28",4.37101729295985e-06
"933","icd_O62",4.37101729295985e-06
"934","icd_R40",4.37101729295985e-06
"935","icd_J18",1.04077171725574e-09
"936","icd_I47",5.14993866353832e-10
"937","icd_F64",0
"938","icd_G03",0
"939","icd_P05",0
"940","icd_P07",0
"941","icd_P22",0
"942","icd_P27",0
"943","icd_P28",0
"944","icd_P36",0
"945","icd_P52",0
"946","icd_P55",0
"947","icd_P59",0
"948","icd_P61",0
"949","icd_P74",0
"950","icd_P81",0
"951","icd_P96",0
"952","icd_Q93",0
"953","icd_Z38",0
"954","observation_combined_Z68.Body.mass.index..BMI..50.59.9...adult",0
"955","observation_combined_SHX.Tobacco.use.Light.tobacco.smoker",0
"956","observation_combined_Z68.Body.mass.index..BMI..19.or.less..adult",0
